contract,mode,status,evm-coverage,bugtypes,total_time,crashes -,hardcoded address,wall clock time (h:)m:ss,time,total_hangs,queue - Number of unique TX sequences,total_crashes,average_execs_per_sec,bugs,total_execs_done,cumulative_execs_per_sec,log
CryptoBets,mode-2AT,success,38.629737609329446,1,600,0,17,10:15.31,600,5,209,0,3220,,1932341,3220,<NO LOG>
CryptoBets,mode-2AT,success,40.670553935860056,1,600,0,17,10:19.69,600,6,258,0,17514,,10508866,17514,<NO LOG>
CryptoBets,mode-2AT,success,40.96209912536443,1,600,0,17,10:20.42,600,3,304,0,19318,,11591200,19318,<NO LOG>
CryptoBets,mode-2AT,success,39.50437317784257,1,600,0,17,10:15.75,600,5,293,0,18251,,10950945,18251,<NO LOG>
CryptoBets,mode-2AT,success,41.10787172011661,1,600,0,17,10:23.08,600,4,221,0,9866,,5919872,9866,<NO LOG>
CryptoBets,mode-2AT,success,42.12827988338192,1,600,0,17,10:19.27,600,5,290,0,16436,,9861880,16436,<NO LOG>
CryptoBets,mode-2AT,success,42.27405247813411,1,600,0,17,10:23.89,600,4,303,0,16551,,9931169,16551,<NO LOG>
CryptoBets,mode-2AT,success,39.795918367346935,1,600,0,17,10:13.92,600,3,209,0,4524,,2714609,4524,<NO LOG>
CryptoBets,mode-2AT,success,37.90087463556851,1,600,0,17,10:15.90,600,3,173,0,2245,,1347186,2245,<NO LOG>
CryptoBets,mode-2AT,success,42.857142857142854,1,600,0,17,10:20.63,600,6,318,0,16160,,9696388,16160,<NO LOG>
CryptoBets,mode-2AT,success,39.795918367346935,1,600,0,17,10:18.95,600,8,281,0,15213,,9128337,15213,<NO LOG>
CryptoBets,mode-2AT,success,37.46355685131195,1,600,0,17,10:14.09,600,3,180,0,3560,,2136008,3560,<NO LOG>
CryptoBets,mode-2AT,success,39.50437317784257,1,600,0,17,10:14.23,600,5,247,0,12078,,7247344,12078,<NO LOG>
CryptoBets,mode-2AT,success,42.12827988338192,1,600,0,17,10:22.64,600,5,374,0,19941,,11964851,19941,<NO LOG>
CryptoBets,mode-2AT,success,42.27405247813411,1,600,0,17,10:26.45,600,5,265,0,11209,,6725535,11209,<NO LOG>
CryptoBets,mode-2AT,success,39.795918367346935,1,600,0,17,10:16.71,600,6,279,0,14313,,8587911,14313,<NO LOG>
CryptoBets,mode-2AT,success,39.795918367346935,1,600,0,17,10:17.28,600,6,245,0,9609,,5765456,9609,<NO LOG>
CryptoBets,mode-2AT,success,39.50437317784257,1,600,0,17,10:15.85,600,4,242,0,3847,,2308547,3847,<NO LOG>
CryptoBets,mode-2AT,success,41.690962099125365,1,600,0,17,10:28.45,600,1,341,0,21478,,12887105,21478,<NO LOG>
CryptoBets,mode-2AT,success,41.2536443148688,1,600,0,17,10:21.54,600,8,260,0,9598,,5759260,9598,<NO LOG>
CryptoBets,mode-aonly,success,39.35860058309038,1,600,0,17,10:12.27,600,1,117,0,25963,,15578103,25963,<NO LOG>
CryptoBets,mode-aonly,success,29.737609329446062,1,600,0,17,10:11.13,600,0,108,0,28160,,16896070,28160,<NO LOG>
CryptoBets,mode-aonly,success,39.35860058309038,1,600,0,17,10:16.24,600,3,98,0,15739,,9443688,15739,<NO LOG>
CryptoBets,mode-aonly,success,29.737609329446062,1,600,0,17,10:11.80,600,0,123,0,28992,,17395440,28992,<NO LOG>
CryptoBets,mode-aonly,success,39.35860058309038,1,600,0,17,10:13.18,600,0,99,0,12242,,7345618,12242,<NO LOG>
CryptoBets,mode-aonly,success,29.737609329446062,1,600,0,17,10:10.25,600,0,106,0,31531,,18919095,31531,<NO LOG>
CryptoBets,mode-aonly,success,39.35860058309038,1,600,0,17,10:12.14,600,1,144,0,22124,,13274401,22124,<NO LOG>
CryptoBets,mode-aonly,success,38.19241982507288,1,600,0,17,10:10.75,600,0,120,0,14503,,8702071,14503,<NO LOG>
CryptoBets,mode-aonly,success,39.35860058309038,1,600,0,17,10:11.98,600,1,106,0,8580,,5148417,8580,<NO LOG>
CryptoBets,mode-aonly,success,39.35860058309038,1,600,0,17,10:11.50,600,2,156,0,44710,,26826295,44710,<NO LOG>
CryptoBets,mode-aonly,success,39.35860058309038,1,600,0,17,10:13.03,600,4,109,0,22995,,13797023,22995,<NO LOG>
CryptoBets,mode-aonly,success,29.737609329446062,1,600,0,17,10:11.38,600,0,116,0,15792,,9475492,15792,<NO LOG>
CryptoBets,mode-aonly,success,29.737609329446062,1,600,0,17,10:09.53,600,0,108,0,34638,,20782986,34638,<NO LOG>
CryptoBets,mode-aonly,success,39.35860058309038,1,600,0,17,10:14.26,600,7,119,0,15593,,9355935,15593,<NO LOG>
CryptoBets,mode-aonly,success,29.737609329446062,1,600,0,17,10:11.46,600,0,110,0,35936,,21562023,35936,<NO LOG>
CryptoBets,mode-aonly,success,29.737609329446062,1,600,0,17,10:10.49,600,0,111,0,37611,,22566792,37611,<NO LOG>
CryptoBets,mode-aonly,success,39.35860058309038,1,600,0,17,10:13.95,600,4,115,0,15457,,9274409,15457,<NO LOG>
CryptoBets,mode-aonly,success,29.737609329446062,1,600,0,17,10:11.32,600,0,122,0,33374,,20024527,33374,<NO LOG>
CryptoBets,mode-aonly,success,39.35860058309038,1,600,0,17,10:12.42,600,1,111,0,28790,,17274516,28790,<NO LOG>
CryptoBets,mode-aonly,success,29.737609329446062,1,600,0,17,10:11.27,600,0,119,0,29711,,17827058,29711,<NO LOG>
CryptoBets,mode-interp,success,30.32069970845481,1,600,0,17,11:21.01,600,4,198,0,2831,,1698852,2831,<NO LOG>
CryptoBets,mode-interp,success,30.466472303206995,1,600,0,17,10:18.87,600,1,206,0,4371,,2622802,4371,<NO LOG>
CryptoBets,mode-interp,success,32.6530612244898,1,600,0,17,10:12.62,600,2,181,0,2406,,1444075,2406,<NO LOG>
CryptoBets,mode-interp,success,29.00874635568513,1,600,0,17,10:18.23,600,2,152,0,1256,,754184,1256,<NO LOG>
CryptoBets,mode-interp,success,30.758017492711367,1,600,0,17,10:16.79,600,2,147,0,2652,,1591644,2652,<NO LOG>
CryptoBets,mode-interp,success,28.86297376093294,1,600,0,17,10:32.68,600,4,184,0,2341,,1404683,2341,<NO LOG>
CryptoBets,mode-interp,success,31.049562682215743,1,600,0,17,10:23.36,600,3,196,0,4064,,2438793,4064,<NO LOG>
CryptoBets,mode-interp,success,33.09037900874635,1,600,0,17,10:16.04,600,2,197,0,2745,,1647013,2745,<NO LOG>
CryptoBets,mode-interp,success,31.049562682215743,1,600,0,17,10:14.71,600,0,180,0,3909,,2345686,3909,<NO LOG>
CryptoBets,mode-interp,success,31.341107871720116,1,600,0,17,10:26.49,600,3,211,0,3251,,1950705,3251,<NO LOG>
CryptoBets,mode-interp,success,29.737609329446062,1,600,0,17,10:16.79,600,3,190,0,4145,,2487432,4145,<NO LOG>
CryptoBets,mode-interp,success,29.300291545189502,1,600,0,17,10:15.71,600,2,167,0,3464,,2078605,3464,<NO LOG>
CryptoBets,mode-interp,success,30.32069970845481,1,600,0,17,10:20.91,600,2,177,0,3986,,2391610,3986,<NO LOG>
CryptoBets,mode-interp,success,32.6530612244898,1,600,0,17,10:13.86,600,2,161,0,1940,,1164171,1940,<NO LOG>
CryptoBets,mode-interp,success,31.049562682215743,1,600,0,17,10:14.77,600,0,198,0,4822,,2893701,4822,<NO LOG>
CryptoBets,mode-interp,success,29.44606413994169,1,600,0,17,10:21.30,600,4,148,0,2938,,1762947,2938,<NO LOG>
CryptoBets,mode-interp,success,30.029154518950435,1,600,0,17,10:28.80,600,5,199,0,3157,,1894717,3157,<NO LOG>
CryptoBets,mode-interp,success,32.069970845481045,1,600,0,17,10:12.89,600,0,191,0,1222,,733640,1222,<NO LOG>
CryptoBets,mode-interp,success,30.466472303206995,1,600,0,17,10:18.16,600,4,178,0,3527,,2116609,3527,<NO LOG>
CryptoBets,mode-interp,success,32.79883381924198,1,600,0,17,10:35.56,600,2,189,0,4454,,2672434,4454,<NO LOG>
CryptoBets,mode-monly,success,45.04373177842565,1,600,0,17,10:15.10,600,0,363,0,10903,,6541810,10903,<NO LOG>
CryptoBets,mode-monly,success,45.04373177842565,1,600,0,17,10:20.69,600,0,378,0,7669,,4601472,7669,<NO LOG>
CryptoBets,mode-monly,success,45.04373177842565,1,600,0,17,10:14.77,600,0,369,0,12202,,7321223,12202,<NO LOG>
CryptoBets,mode-monly,success,45.04373177842565,1,600,0,17,10:14.84,600,0,340,0,10022,,6013615,10022,<NO LOG>
CryptoBets,mode-monly,success,45.04373177842565,1,600,0,17,10:15.28,600,0,367,0,11798,,7079021,11798,<NO LOG>
CryptoBets,mode-monly,success,45.04373177842565,1,600,0,17,10:16.65,600,0,333,0,9392,,5635485,9392,<NO LOG>
CryptoBets,mode-monly,success,45.04373177842565,1,600,0,17,10:14.83,600,0,390,0,10965,,6579447,10965,<NO LOG>
CryptoBets,mode-monly,success,45.04373177842565,1,600,0,17,10:14.67,600,0,368,0,13656,,8193987,13656,<NO LOG>
CryptoBets,mode-monly,success,45.04373177842565,1,600,0,17,10:14.43,600,0,328,0,11587,,6952320,11587,<NO LOG>
CryptoBets,mode-monly,success,45.04373177842565,1,600,0,17,10:20.83,600,0,374,0,6063,,3638120,6063,<NO LOG>
CryptoBets,mode-monly,success,45.04373177842565,1,600,0,17,10:19.29,600,0,357,0,6518,,3910952,6518,<NO LOG>
CryptoBets,mode-monly,success,45.04373177842565,1,600,0,17,10:15.42,600,0,345,0,8676,,5205967,8676,<NO LOG>
CryptoBets,mode-monly,success,45.04373177842565,1,600,0,17,10:16.37,600,0,375,0,10874,,6524455,10874,<NO LOG>
CryptoBets,mode-monly,success,45.04373177842565,1,600,0,17,10:15.83,600,0,357,0,10122,,6073513,10122,<NO LOG>
CryptoBets,mode-monly,success,45.04373177842565,1,600,0,17,10:14.53,600,0,367,0,12892,,7735204,12892,<NO LOG>
CryptoBets,mode-monly,success,45.04373177842565,1,600,0,17,10:16.36,600,0,358,0,11194,,6716733,11194,<NO LOG>
CryptoBets,mode-monly,success,45.04373177842565,1,600,0,17,10:16.18,600,0,326,0,9298,,5578959,9298,<NO LOG>
CryptoBets,mode-monly,success,45.04373177842565,1,600,0,17,10:13.80,600,0,301,0,11332,,6799423,11332,<NO LOG>
CryptoBets,mode-monly,success,45.04373177842565,1,600,0,17,10:15.22,600,0,336,0,11230,,6738331,11230,<NO LOG>
CryptoBets,mode-monly,success,45.04373177842565,1,600,0,17,10:17.68,600,0,326,0,8731,,5238958,8731,<NO LOG>
IMBTC,mode-2AT,success,52.80701754385965,1,600,0,1,10:08.46,600,0,279,0,33880,,20328501,33880,<NO LOG>
IMBTC,mode-2AT,success,53.33333333333333,1,600,0,1,10:08.59,600,0,296,0,34220,,20532184,34220,<NO LOG>
IMBTC,mode-2AT,success,53.33333333333333,1,600,0,1,10:07.86,600,0,264,0,35334,,21200632,35334,<NO LOG>
IMBTC,mode-2AT,success,52.280701754385966,1,600,0,1,10:07.80,600,0,252,0,35171,,21102812,35171,<NO LOG>
IMBTC,mode-2AT,success,53.33333333333333,1,600,0,1,10:07.71,600,0,260,0,35698,,21418869,35698,<NO LOG>
IMBTC,mode-2AT,success,52.63157894736842,1,600,0,1,10:07.83,600,0,251,0,34581,,20749080,34581,<NO LOG>
IMBTC,mode-2AT,success,53.33333333333333,1,600,0,1,10:08.73,600,0,287,0,34665,,20799595,34665,<NO LOG>
IMBTC,mode-2AT,success,53.33333333333333,1,600,0,1,10:07.94,600,0,273,0,36147,,21688524,36147,<NO LOG>
IMBTC,mode-2AT,success,52.45614035087719,1,600,0,1,10:08.32,600,0,267,0,34071,,20442666,34071,<NO LOG>
IMBTC,mode-2AT,success,53.33333333333333,1,600,0,1,10:08.90,600,0,301,0,34153,,20492374,34153,<NO LOG>
IMBTC,mode-2AT,success,52.10526315789473,1,600,0,1,10:07.89,600,0,230,0,35733,,21440371,35733,<NO LOG>
IMBTC,mode-2AT,success,52.10526315789473,1,600,0,1,10:07.58,600,0,248,0,35944,,21566561,35944,<NO LOG>
IMBTC,mode-2AT,success,53.33333333333333,1,600,0,1,10:08.67,600,0,296,0,34244,,20546823,34244,<NO LOG>
IMBTC,mode-2AT,success,53.33333333333333,1,600,0,1,10:08.35,600,0,285,0,34999,,20999580,34999,<NO LOG>
IMBTC,mode-2AT,success,52.10526315789473,1,600,0,1,10:07.83,600,0,230,0,30794,,18476558,30794,<NO LOG>
IMBTC,mode-2AT,success,53.33333333333333,1,600,0,1,10:08.11,600,0,282,0,34616,,20769851,34616,<NO LOG>
IMBTC,mode-2AT,success,53.33333333333333,1,600,0,1,10:07.58,600,0,232,0,35707,,21424569,35707,<NO LOG>
IMBTC,mode-2AT,success,51.75438596491228,1,600,0,1,10:07.74,600,0,236,0,32990,,19794095,32990,<NO LOG>
IMBTC,mode-2AT,success,53.33333333333333,1,600,0,1,10:08.49,600,0,277,0,35091,,21054752,35091,<NO LOG>
IMBTC,mode-2AT,success,53.33333333333333,1,600,0,1,10:08.13,600,0,254,0,32167,,19300772,32167,<NO LOG>
IMBTC,mode-aonly,success,52.98245614035088,1,600,0,1,10:06.44,600,0,74,0,27379,,16427881,27379,<NO LOG>
IMBTC,mode-aonly,success,51.40350877192982,1,600,0,1,10:06.41,600,0,83,0,26725,,16035161,26725,<NO LOG>
IMBTC,mode-aonly,success,52.98245614035088,1,600,0,1,10:06.32,600,0,69,0,26864,,16118749,26864,<NO LOG>
IMBTC,mode-aonly,success,52.98245614035088,1,600,0,1,10:06.41,600,0,79,0,26747,,16048605,26747,<NO LOG>
IMBTC,mode-aonly,success,51.40350877192982,1,600,0,1,10:06.10,600,0,83,0,39961,,23976761,39961,<NO LOG>
IMBTC,mode-aonly,success,52.98245614035088,1,600,0,1,10:06.33,600,0,81,0,26817,,16090774,26817,<NO LOG>
IMBTC,mode-aonly,success,52.98245614035088,1,600,0,1,10:06.20,600,0,75,0,27674,,16604817,27674,<NO LOG>
IMBTC,mode-aonly,success,52.98245614035088,1,600,0,1,10:06.36,600,0,76,0,26504,,15902870,26504,<NO LOG>
IMBTC,mode-aonly,success,52.98245614035088,1,600,0,1,10:06.55,600,0,86,0,26751,,16051033,26751,<NO LOG>
IMBTC,mode-aonly,success,51.57894736842105,1,600,0,1,10:06.06,600,0,80,0,27373,,16423996,27373,<NO LOG>
IMBTC,mode-aonly,success,52.98245614035088,1,600,0,1,10:06.22,600,0,92,0,28176,,16906163,28176,<NO LOG>
IMBTC,mode-aonly,success,52.98245614035088,1,600,0,1,10:06.51,600,0,78,0,27255,,16353567,27255,<NO LOG>
IMBTC,mode-aonly,success,52.98245614035088,1,600,0,1,10:06.10,600,0,76,0,27153,,16291863,27153,<NO LOG>
IMBTC,mode-aonly,success,52.98245614035088,1,600,0,1,10:06.22,600,0,72,0,27728,,16637111,27728,<NO LOG>
IMBTC,mode-aonly,success,52.98245614035088,1,600,0,1,10:06.51,600,0,75,0,26395,,15837468,26395,<NO LOG>
IMBTC,mode-aonly,success,50.87719298245614,1,600,0,1,10:06.22,600,0,86,0,27231,,16338780,27231,<NO LOG>
IMBTC,mode-aonly,success,51.57894736842105,1,600,0,1,10:06.04,600,0,69,0,26570,,15942392,26570,<NO LOG>
IMBTC,mode-aonly,success,52.45614035087719,1,600,0,1,10:06.51,600,0,66,0,26751,,16051122,26751,<NO LOG>
IMBTC,mode-aonly,success,52.98245614035088,1,600,0,1,10:06.60,600,0,78,0,26744,,16046795,26744,<NO LOG>
IMBTC,mode-aonly,success,52.98245614035088,1,600,0,1,10:06.34,600,0,89,0,40644,,24386631,40644,<NO LOG>
IMBTC,mode-interp,success,34.56140350877193,1,600,0,1,10:07.41,600,0,160,0,6880,,4128172,6880,<NO LOG>
IMBTC,mode-interp,success,38.24561403508772,1,600,0,1,10:06.98,600,0,164,0,6973,,4184381,6973,<NO LOG>
IMBTC,mode-interp,success,36.666666666666664,1,600,0,1,10:07.07,600,0,154,0,7647,,4588440,7647,<NO LOG>
IMBTC,mode-interp,success,35.26315789473684,1,600,0,1,10:07.19,600,0,156,0,6220,,3732123,6220,<NO LOG>
IMBTC,mode-interp,success,38.24561403508772,1,600,0,1,10:07.46,600,0,180,0,6880,,4128187,6880,<NO LOG>
IMBTC,mode-interp,success,36.84210526315789,1,600,0,1,10:07.90,600,0,177,0,6915,,4149279,6915,<NO LOG>
IMBTC,mode-interp,success,37.01754385964912,1,600,0,1,10:07.26,600,0,176,0,7438,,4463250,7438,<NO LOG>
IMBTC,mode-interp,success,37.54385964912281,1,600,0,1,10:06.48,600,0,143,0,7136,,4281792,7136,<NO LOG>
IMBTC,mode-interp,success,38.59649122807017,1,600,0,1,10:06.78,600,0,151,0,6526,,3916048,6526,<NO LOG>
IMBTC,mode-interp,success,36.666666666666664,1,600,0,1,10:07.23,600,0,158,0,7238,,4342872,7238,<NO LOG>
IMBTC,mode-interp,success,35.78947368421053,1,600,0,1,10:07.30,600,0,163,0,6926,,4155737,6926,<NO LOG>
IMBTC,mode-interp,success,40.0,1,600,0,1,10:06.62,600,0,140,0,6903,,4142190,6903,<NO LOG>
IMBTC,mode-interp,success,36.84210526315789,1,600,0,1,10:07.06,600,0,166,0,7357,,4414691,7357,<NO LOG>
IMBTC,mode-interp,success,36.14035087719298,1,600,0,1,10:07.41,600,0,132,0,5763,,3458096,5763,<NO LOG>
IMBTC,mode-interp,success,36.31578947368421,1,600,0,1,10:09.11,600,0,167,0,6418,,3851257,6418,<NO LOG>
IMBTC,mode-interp,success,34.03508771929825,1,600,0,1,10:06.28,600,0,140,0,8737,,5242306,8737,<NO LOG>
IMBTC,mode-interp,success,33.859649122807014,1,600,0,1,10:08.98,600,0,170,0,5180,,3108564,5180,<NO LOG>
IMBTC,mode-interp,success,35.614035087719294,1,600,0,1,10:11.41,600,0,191,0,6177,,3706622,6177,<NO LOG>
IMBTC,mode-interp,success,35.26315789473684,1,600,0,1,10:06.54,600,0,132,0,6977,,4186353,6977,<NO LOG>
IMBTC,mode-interp,success,38.421052631578945,1,600,0,1,10:07.49,600,0,172,0,7310,,4386287,7310,<NO LOG>
IMBTC,mode-monly,success,35.43859649122807,1,600,0,1,10:12.16,600,0,177,0,14859,,8915570,14859,<NO LOG>
IMBTC,mode-monly,success,34.56140350877193,1,600,0,1,10:09.65,600,0,139,0,18001,,10800908,18001,<NO LOG>
IMBTC,mode-monly,success,38.59649122807017,1,600,0,1,10:09.47,600,0,186,0,20216,,12129721,20216,<NO LOG>
IMBTC,mode-monly,success,35.78947368421053,1,600,0,1,10:14.20,600,0,161,0,16362,,9817641,16362,<NO LOG>
IMBTC,mode-monly,success,35.78947368421053,1,600,0,1,10:13.72,600,0,179,0,14214,,8528647,14214,<NO LOG>
IMBTC,mode-monly,success,39.473684210526315,1,600,0,1,10:08.22,600,0,197,0,23479,,14087438,23479,<NO LOG>
IMBTC,mode-monly,success,35.43859649122807,1,600,0,1,10:07.23,600,0,159,0,24449,,14669699,24449,<NO LOG>
IMBTC,mode-monly,success,35.614035087719294,1,600,0,1,10:11.06,600,0,168,0,18228,,10937095,18228,<NO LOG>
IMBTC,mode-monly,success,35.08771929824561,1,600,0,1,10:09.60,600,0,146,0,19269,,11561675,19269,<NO LOG>
IMBTC,mode-monly,success,35.78947368421053,1,600,0,1,10:12.11,600,0,172,0,18413,,11048156,18413,<NO LOG>
IMBTC,mode-monly,success,35.78947368421053,1,600,0,1,10:10.49,600,0,146,0,19662,,11797366,19662,<NO LOG>
IMBTC,mode-monly,success,38.07017543859649,1,600,0,1,10:10.98,600,0,160,0,18199,,10919783,18199,<NO LOG>
IMBTC,mode-monly,success,35.08771929824561,1,600,0,1,10:09.95,600,0,138,0,16774,,10064628,16774,<NO LOG>
IMBTC,mode-monly,success,37.54385964912281,1,600,0,1,10:10.18,600,0,181,0,17438,,10463206,17438,<NO LOG>
IMBTC,mode-monly,success,35.78947368421053,1,600,0,1,10:09.89,600,0,142,0,20142,,12085586,20142,<NO LOG>
IMBTC,mode-monly,success,38.771929824561404,1,600,0,1,10:09.22,600,0,206,0,20499,,12299983,20499,<NO LOG>
IMBTC,mode-monly,success,38.24561403508772,1,600,0,1,10:12.01,600,0,204,0,14610,,8766067,14610,<NO LOG>
IMBTC,mode-monly,success,35.78947368421053,1,600,0,1,10:10.98,600,0,153,0,18529,,11117755,18529,<NO LOG>
IMBTC,mode-monly,success,36.49122807017544,1,600,0,1,10:09.38,600,0,156,0,19612,,11767594,19612,<NO LOG>
IMBTC,mode-monly,success,35.78947368421053,1,600,0,1,10:12.49,600,0,177,0,15938,,9563399,15938,<NO LOG>
PackSale,mode-2AT,success,75.6972111553785,1,600,0,1,10:07.95,600,0,183,0,22987,,13792550,22987,<NO LOG>
PackSale,mode-2AT,success,75.6972111553785,1,600,0,1,10:08.85,600,0,186,0,26806,,16083630,26806,<NO LOG>
PackSale,mode-2AT,success,74.9003984063745,1,600,0,1,10:08.17,600,0,164,0,25659,,15395765,25659,<NO LOG>
PackSale,mode-2AT,success,74.9003984063745,1,600,0,1,10:07.92,600,0,187,0,20494,,12296857,20494,<NO LOG>
PackSale,mode-2AT,success,74.9003984063745,1,600,0,1,10:07.76,600,0,168,0,25830,,15498123,25830,<NO LOG>
PackSale,mode-2AT,success,75.6972111553785,1,600,0,1,10:08.23,600,0,181,0,26505,,15903156,26505,<NO LOG>
PackSale,mode-2AT,success,74.9003984063745,1,600,0,1,10:08.16,600,0,145,0,24064,,14438897,24064,<NO LOG>
PackSale,mode-2AT,success,75.6972111553785,1,600,0,1,10:07.62,600,0,178,0,23904,,14342486,23904,<NO LOG>
PackSale,mode-2AT,success,75.6972111553785,1,600,0,1,10:08.08,600,0,161,0,24257,,14554562,24257,<NO LOG>
PackSale,mode-2AT,success,74.9003984063745,1,600,0,1,10:08.28,600,0,168,0,25701,,15420890,25701,<NO LOG>
PackSale,mode-2AT,success,75.6972111553785,1,600,0,1,10:07.93,600,0,150,0,26947,,16168614,26947,<NO LOG>
PackSale,mode-2AT,success,74.9003984063745,1,600,0,1,10:08.24,600,0,183,0,26869,,16121937,26869,<NO LOG>
PackSale,mode-2AT,success,75.2988047808765,1,600,0,1,10:08.20,600,0,173,0,22692,,13615702,22692,<NO LOG>
PackSale,mode-2AT,success,74.9003984063745,1,600,0,1,10:08.07,600,0,169,0,25649,,15389978,25649,<NO LOG>
PackSale,mode-2AT,success,74.9003984063745,1,600,0,1,10:08.17,600,0,158,0,22490,,13494270,22490,<NO LOG>
PackSale,mode-2AT,success,74.9003984063745,1,600,0,1,10:07.91,600,0,154,0,25751,,15450837,25751,<NO LOG>
PackSale,mode-2AT,success,74.9003984063745,1,600,0,1,10:08.22,600,0,169,0,25444,,15266909,25444,<NO LOG>
PackSale,mode-2AT,success,74.9003984063745,1,600,0,1,10:08.09,600,0,178,0,22983,,13789992,22983,<NO LOG>
PackSale,mode-2AT,success,74.9003984063745,1,600,0,1,10:07.88,600,0,167,0,23814,,14288653,23814,<NO LOG>
PackSale,mode-2AT,success,74.9003984063745,1,600,0,1,10:07.79,600,0,149,0,24603,,14762054,24603,<NO LOG>
PackSale,mode-aonly,success,58.56573705179284,1,600,0,1,10:06.84,600,0,63,0,29680,,17808079,29680,<NO LOG>
PackSale,mode-aonly,success,75.2988047808765,1,600,0,1,10:07.09,600,0,57,0,27893,,16736069,27893,<NO LOG>
PackSale,mode-aonly,success,57.76892430278885,1,600,0,1,10:06.44,600,0,39,0,30065,,18039429,30065,<NO LOG>
PackSale,mode-aonly,success,57.76892430278885,1,600,0,1,10:06.74,600,0,42,0,29038,,17422866,29038,<NO LOG>
PackSale,mode-aonly,success,59.76095617529881,1,600,0,1,10:07.13,600,0,60,0,28840,,17304428,28840,<NO LOG>
PackSale,mode-aonly,success,75.2988047808765,1,600,0,1,10:06.53,600,0,68,0,30364,,18218839,30364,<NO LOG>
PackSale,mode-aonly,success,74.50199203187252,1,600,0,1,10:07.49,600,0,62,0,28122,,16873505,28122,<NO LOG>
PackSale,mode-aonly,success,74.9003984063745,1,600,0,1,10:05.69,600,0,54,0,58649,,35189622,58649,<NO LOG>
PackSale,mode-aonly,success,57.76892430278885,1,600,0,1,10:06.65,600,0,49,0,30494,,18296532,30494,<NO LOG>
PackSale,mode-aonly,success,75.2988047808765,1,600,0,1,10:07.53,600,0,59,0,29787,,17872311,29787,<NO LOG>
PackSale,mode-aonly,success,58.56573705179284,1,600,0,1,10:06.44,600,0,36,0,29701,,17821159,29701,<NO LOG>
PackSale,mode-aonly,success,72.90836653386455,1,600,0,1,10:07.07,600,0,50,0,28234,,16940539,28234,<NO LOG>
PackSale,mode-aonly,success,75.2988047808765,1,600,0,1,10:06.84,600,0,51,0,28562,,17137437,28562,<NO LOG>
PackSale,mode-aonly,success,57.76892430278885,1,600,0,1,10:06.49,600,0,41,0,29901,,17940814,29901,<NO LOG>
PackSale,mode-aonly,success,59.76095617529881,1,600,0,1,10:06.63,600,0,62,0,30035,,18021045,30035,<NO LOG>
PackSale,mode-aonly,success,75.2988047808765,1,600,0,1,10:06.86,600,0,51,0,28805,,17283207,28805,<NO LOG>
PackSale,mode-aonly,success,58.56573705179284,1,600,0,1,10:06.71,600,0,47,0,29429,,17657744,29429,<NO LOG>
PackSale,mode-aonly,success,74.50199203187252,1,600,0,1,10:06.80,600,0,60,0,29455,,17673447,29455,<NO LOG>
PackSale,mode-aonly,success,75.2988047808765,1,600,0,1,10:06.10,600,0,69,0,59277,,35566280,59277,<NO LOG>
PackSale,mode-aonly,success,75.2988047808765,1,600,0,1,10:06.96,600,0,58,0,27973,,16784209,27973,<NO LOG>
PackSale,mode-interp,success,59.76095617529881,1,600,0,1,10:12.06,600,6,174,0,7285,,4371044,7285,<NO LOG>
PackSale,mode-interp,success,64.9402390438247,1,600,0,1,10:09.95,600,5,100,0,6822,,4093429,6822,<NO LOG>
PackSale,mode-interp,success,63.34661354581674,1,600,0,1,10:09.88,600,5,166,0,7246,,4347754,7246,<NO LOG>
PackSale,mode-interp,success,66.53386454183267,1,600,0,1,10:17.16,600,1,173,0,6685,,4011410,6685,<NO LOG>
PackSale,mode-interp,success,62.549800796812754,1,600,0,1,10:10.04,600,3,136,0,6721,,4033111,6721,<NO LOG>
PackSale,mode-interp,success,67.72908366533865,1,600,0,1,10:13.45,600,11,161,0,7189,,4313666,7189,<NO LOG>
PackSale,mode-interp,success,68.12749003984064,1,600,0,1,10:09.89,600,5,132,0,7725,,4635390,7725,<NO LOG>
PackSale,mode-interp,success,66.93227091633467,1,600,0,1,10:13.98,600,4,144,0,7687,,4612548,7687,<NO LOG>
PackSale,mode-interp,success,66.93227091633467,1,600,0,1,10:10.30,600,2,150,0,8065,,4839169,8065,<NO LOG>
PackSale,mode-interp,success,66.53386454183267,1,600,0,1,10:12.48,600,4,179,0,6241,,3744877,6241,<NO LOG>
PackSale,mode-interp,success,62.94820717131475,1,600,0,1,10:09.27,600,7,125,0,6860,,4116377,6860,<NO LOG>
PackSale,mode-interp,success,66.13545816733068,1,600,0,1,10:16.28,600,11,179,0,6400,,3840192,6400,<NO LOG>
PackSale,mode-interp,success,65.33864541832669,1,600,0,1,10:23.32,600,9,178,0,6525,,3915093,6525,<NO LOG>
PackSale,mode-interp,success,62.151394422310766,1,600,0,1,10:11.22,600,6,155,0,7903,,4742187,7903,<NO LOG>
PackSale,mode-interp,success,66.53386454183267,1,600,0,1,10:12.54,600,6,146,0,7602,,4561664,7602,<NO LOG>
PackSale,mode-interp,success,63.74501992031873,1,600,0,1,10:08.00,600,3,137,0,7457,,4474217,7457,<NO LOG>
PackSale,mode-interp,success,68.52589641434264,1,600,0,1,10:12.81,600,7,182,0,7206,,4324016,7206,<NO LOG>
PackSale,mode-interp,success,64.14342629482073,1,600,0,1,10:10.05,600,6,165,0,7344,,4406664,7344,<NO LOG>
PackSale,mode-interp,success,66.53386454183267,1,600,0,1,10:09.31,600,7,135,0,7519,,4511657,7519,<NO LOG>
PackSale,mode-interp,success,60.95617529880479,1,600,0,1,10:10.45,600,5,105,0,6447,,3868759,6447,<NO LOG>
PackSale,mode-monly,success,59.76095617529881,1,600,0,1,10:12.91,600,0,139,0,10633,,6379857,10633,<NO LOG>
PackSale,mode-monly,success,60.55776892430279,1,600,0,1,10:11.65,600,0,128,0,10972,,6583200,10972,<NO LOG>
PackSale,mode-monly,success,60.159362549800804,1,600,0,1,10:12.64,600,0,136,0,14955,,8973531,14955,<NO LOG>
PackSale,mode-monly,success,59.76095617529881,1,600,0,1,10:09.87,600,0,115,0,13139,,7883684,13139,<NO LOG>
PackSale,mode-monly,success,59.76095617529881,1,600,0,1,10:09.84,600,0,125,0,11912,,7147671,11912,<NO LOG>
PackSale,mode-monly,success,59.76095617529881,1,600,0,1,10:11.81,600,0,133,0,9466,,5680035,9466,<NO LOG>
PackSale,mode-monly,success,60.55776892430279,1,600,0,1,10:15.81,600,0,142,0,11011,,6606680,11011,<NO LOG>
PackSale,mode-monly,success,61.354581673306775,1,600,0,1,10:10.57,600,0,146,0,13774,,8264928,13774,<NO LOG>
PackSale,mode-monly,success,59.76095617529881,1,600,0,1,10:11.31,600,0,126,0,13966,,8380094,13966,<NO LOG>
PackSale,mode-monly,success,60.159362549800804,1,600,0,1,10:09.46,600,0,124,0,16058,,9634942,16058,<NO LOG>
PackSale,mode-monly,success,59.76095617529881,1,600,0,1,10:09.69,600,0,112,0,11222,,6733784,11222,<NO LOG>
PackSale,mode-monly,success,60.159362549800804,1,600,0,1,10:10.66,600,0,138,0,11522,,6913381,11522,<NO LOG>
PackSale,mode-monly,success,61.354581673306775,1,600,0,1,10:09.91,600,0,122,0,12590,,7554292,12590,<NO LOG>
PackSale,mode-monly,success,59.76095617529881,1,600,0,1,10:13.91,600,0,130,0,8519,,5111813,8519,<NO LOG>
PackSale,mode-monly,success,59.76095617529881,1,600,0,1,10:10.14,600,0,120,0,10978,,6587193,10978,<NO LOG>
PackSale,mode-monly,success,59.76095617529881,1,600,0,1,10:13.20,600,0,123,0,11556,,6933997,11556,<NO LOG>
PackSale,mode-monly,success,59.76095617529881,1,600,0,1,10:15.33,600,0,113,0,12215,,7329554,12215,<NO LOG>
PackSale,mode-monly,success,60.159362549800804,1,600,0,1,10:13.28,600,0,133,0,11285,,6771146,11285,<NO LOG>
PackSale,mode-monly,success,61.75298804780877,1,600,0,1,10:09.93,600,0,120,0,12251,,7351192,12251,<NO LOG>
PackSale,mode-monly,success,59.76095617529881,1,600,0,1,10:10.45,600,0,129,0,11022,,6613453,11022,<NO LOG>
SpankchainLedgerChannel,mode-2AT,success,41.18616144975288,1,600,0,1,10:09.00,600,0,271,0,23103,,13862397,23103,<NO LOG>
SpankchainLedgerChannel,mode-2AT,success,50.0823723228995,1,600,0,1,10:11.92,600,0,374,0,18828,,11296815,18828,<NO LOG>
SpankchainLedgerChannel,mode-2AT,success,31.30148270181219,1,600,0,1,10:09.37,600,0,224,0,22024,,13214623,22024,<NO LOG>
SpankchainLedgerChannel,mode-2AT,success,38.056013179571664,1,600,0,1,10:08.67,600,0,211,0,22816,,13689811,22816,<NO LOG>
SpankchainLedgerChannel,mode-2AT,success,37.72652388797364,1,600,0,1,10:08.89,600,0,227,0,18139,,10883625,18139,<NO LOG>
SpankchainLedgerChannel,mode-2AT,success,33.93739703459637,1,600,0,1,10:09.87,600,0,221,0,22627,,13576301,22627,<NO LOG>
SpankchainLedgerChannel,mode-2AT,success,56.01317957166392,1,600,0,1,10:11.37,600,0,321,0,24757,,14854757,24757,<NO LOG>
SpankchainLedgerChannel,mode-2AT,success,46.952224052718286,1,600,0,1,10:09.51,600,0,270,0,22537,,13522528,22537,<NO LOG>
SpankchainLedgerChannel,mode-2AT,success,49.093904448105434,1,600,0,1,10:10.62,600,0,285,0,25074,,15044771,25074,<NO LOG>
SpankchainLedgerChannel,mode-2AT,success,52.55354200988467,1,600,0,1,10:10.78,600,0,301,0,24459,,14675520,24459,<NO LOG>
SpankchainLedgerChannel,mode-2AT,success,40.527182866556835,1,600,0,1,10:10.58,600,0,191,0,20334,,12200882,20334,<NO LOG>
SpankchainLedgerChannel,mode-2AT,success,38.5502471169687,1,600,0,1,10:09.76,600,0,240,0,25730,,15438184,25730,<NO LOG>
SpankchainLedgerChannel,mode-2AT,success,33.27841845140033,1,600,0,1,10:09.60,600,0,206,0,22874,,13724453,22874,<NO LOG>
SpankchainLedgerChannel,mode-2AT,success,40.0329489291598,1,600,0,1,10:09.44,600,0,233,0,23693,,14216072,23693,<NO LOG>
SpankchainLedgerChannel,mode-2AT,success,39.04448105436573,1,600,0,1,10:09.67,600,0,207,0,23761,,14257154,23761,<NO LOG>
SpankchainLedgerChannel,mode-2AT,success,41.18616144975288,1,600,0,1,10:09.38,600,0,210,0,23096,,13857978,23096,<NO LOG>
SpankchainLedgerChannel,mode-2AT,success,47.940691927512354,1,600,0,1,10:10.62,600,0,275,0,20822,,12493322,20822,<NO LOG>
SpankchainLedgerChannel,mode-2AT,success,50.90609555189456,1,600,0,1,10:10.26,600,0,336,0,23421,,14052921,23421,<NO LOG>
SpankchainLedgerChannel,mode-2AT,success,30.477759472817134,1,600,0,1,10:08.39,600,0,161,0,23073,,13843960,23073,<NO LOG>
SpankchainLedgerChannel,mode-2AT,success,34.92586490939044,1,600,0,1,10:10.09,600,0,244,0,22795,,13677329,22795,<NO LOG>
SpankchainLedgerChannel,mode-aonly,success,50.90609555189456,1,600,0,1,10:12.07,600,0,52,0,26151,,15691078,26151,<NO LOG>
SpankchainLedgerChannel,mode-aonly,success,43.82207578253706,1,600,0,1,10:12.01,600,0,76,0,27494,,16496573,27494,<NO LOG>
SpankchainLedgerChannel,mode-aonly,success,45.14003294892916,1,600,0,1,10:11.35,600,0,66,0,14910,,8946273,14910,<NO LOG>
SpankchainLedgerChannel,mode-aonly,success,48.76441515650741,1,600,0,1,10:11.88,600,0,60,0,22983,,13790111,22983,<NO LOG>
SpankchainLedgerChannel,mode-aonly,success,51.07084019769357,1,600,0,1,10:11.80,600,0,64,0,22599,,13559971,22599,<NO LOG>
SpankchainLedgerChannel,mode-aonly,success,50.90609555189456,1,600,0,1,10:11.65,600,0,62,0,25891,,15534809,25891,<NO LOG>
SpankchainLedgerChannel,mode-aonly,success,48.76441515650741,1,600,0,1,10:10.09,600,0,46,0,21077,,12646226,21077,<NO LOG>
SpankchainLedgerChannel,mode-aonly,success,45.634266886326195,1,600,0,1,10:11.66,600,0,52,0,16221,,9732856,16221,<NO LOG>
SpankchainLedgerChannel,mode-aonly,success,49.91762767710049,1,600,0,1,10:10.43,600,0,76,0,12322,,7393284,12322,<NO LOG>
SpankchainLedgerChannel,mode-aonly,success,50.90609555189456,1,600,0,1,10:10.82,600,0,50,0,22175,,13305447,22175,<NO LOG>
SpankchainLedgerChannel,mode-aonly,success,50.90609555189456,1,600,0,1,10:12.24,600,0,67,0,28048,,16829099,28048,<NO LOG>
SpankchainLedgerChannel,mode-aonly,success,50.90609555189456,1,600,0,1,10:10.20,600,0,55,0,17778,,10667280,17778,<NO LOG>
SpankchainLedgerChannel,mode-aonly,success,48.76441515650741,1,600,0,1,10:12.53,600,0,54,0,24607,,14764640,24607,<NO LOG>
SpankchainLedgerChannel,mode-aonly,success,45.634266886326195,1,600,0,1,10:11.82,600,0,52,0,15176,,9105854,15176,<NO LOG>
SpankchainLedgerChannel,mode-aonly,success,25.04118616144975,1,600,0,1,10:06.47,600,0,36,0,2005,,1203224,2005,<NO LOG>
SpankchainLedgerChannel,mode-aonly,success,50.0823723228995,1,600,0,1,10:10.32,600,0,60,0,24713,,14828316,24713,<NO LOG>
SpankchainLedgerChannel,mode-aonly,success,51.07084019769357,1,600,0,1,10:12.87,600,0,51,0,16957,,10174411,16957,<NO LOG>
SpankchainLedgerChannel,mode-aonly,success,37.067545304777596,1,600,0,1,10:07.06,600,0,51,0,4409,,2645871,4409,<NO LOG>
SpankchainLedgerChannel,mode-aonly,success,45.634266886326195,1,600,0,1,10:10.61,600,0,65,0,22754,,13652724,22754,<NO LOG>
SpankchainLedgerChannel,mode-aonly,success,48.76441515650741,1,600,0,1,10:11.09,600,0,61,0,28476,,17085700,28476,<NO LOG>
SpankchainLedgerChannel,mode-interp,success,40.19769357495881,1,600,0,1,10:06.64,600,0,112,0,7486,,4492110,7486,<NO LOG>
SpankchainLedgerChannel,mode-interp,success,21.087314662273474,1,600,0,1,10:05.95,600,0,86,0,6703,,4022039,6703,<NO LOG>
SpankchainLedgerChannel,mode-interp,success,19.769357495881383,1,600,0,1,10:06.31,600,0,78,0,6853,,4112068,6853,<NO LOG>
SpankchainLedgerChannel,mode-interp,success,27.841845140032948,1,600,0,1,10:07.41,600,0,76,0,7155,,4293575,7155,<NO LOG>
SpankchainLedgerChannel,mode-interp,success,31.13673805601318,1,600,0,1,10:07.26,600,0,139,0,6574,,3944414,6574,<NO LOG>
SpankchainLedgerChannel,mode-interp,success,22.075782537067543,1,600,0,1,10:05.69,600,0,82,0,4248,,2548803,4248,<NO LOG>
SpankchainLedgerChannel,mode-interp,success,30.477759472817134,1,600,0,1,10:06.15,600,0,89,0,5839,,3503523,5839,<NO LOG>
SpankchainLedgerChannel,mode-interp,success,25.535420098846785,1,600,0,1,10:06.47,600,0,94,0,7549,,4529705,7549,<NO LOG>
SpankchainLedgerChannel,mode-interp,success,24.546952224052717,1,600,0,1,10:06.25,600,0,79,0,7688,,4613207,7688,<NO LOG>
SpankchainLedgerChannel,mode-interp,success,17.957166392092255,1,600,0,1,10:05.94,600,0,65,0,7582,,4549539,7582,<NO LOG>
SpankchainLedgerChannel,mode-interp,success,32.12520593080725,1,600,0,1,10:07.56,600,0,119,0,6709,,4025884,6709,<NO LOG>
SpankchainLedgerChannel,mode-interp,success,24.382207578253706,1,600,0,1,10:06.04,600,0,62,0,7807,,4684593,7807,<NO LOG>
SpankchainLedgerChannel,mode-interp,success,21.91103789126853,1,600,0,1,10:05.51,600,0,57,0,8179,,4907969,8179,<NO LOG>
SpankchainLedgerChannel,mode-interp,success,23.72322899505766,1,600,0,1,10:06.97,600,0,104,0,6696,,4017683,6696,<NO LOG>
SpankchainLedgerChannel,mode-interp,success,23.393739703459637,1,600,0,1,10:05.97,600,0,76,0,5911,,3546882,5911,<NO LOG>
SpankchainLedgerChannel,mode-interp,success,26.02965403624382,1,600,0,1,10:05.51,600,0,43,0,3621,,2173013,3621,<NO LOG>
SpankchainLedgerChannel,mode-interp,success,29.15980230642504,1,600,0,1,10:06.32,600,0,75,0,6704,,4022448,6704,<NO LOG>
SpankchainLedgerChannel,mode-interp,success,34.102141680395384,1,600,0,1,10:08.89,600,0,157,0,5276,,3165746,5276,<NO LOG>
SpankchainLedgerChannel,mode-interp,success,37.067545304777596,1,600,0,1,10:07.62,600,0,133,0,7040,,4224013,7040,<NO LOG>
SpankchainLedgerChannel,mode-interp,success,25.04118616144975,1,600,0,1,10:06.66,600,0,110,0,5860,,3516286,5860,<NO LOG>
SpankchainLedgerChannel,mode-monly,success,60.790774299835256,1,600,0,1,10:15.84,600,0,652,0,16484,,9890716,16484,<NO LOG>
SpankchainLedgerChannel,mode-monly,success,49.91762767710049,1,600,0,1,10:13.35,600,0,461,0,15851,,9510944,15851,<NO LOG>
SpankchainLedgerChannel,mode-monly,success,42.998352553542006,1,600,0,1,10:14.50,600,0,482,0,18718,,11231383,18718,<NO LOG>
SpankchainLedgerChannel,mode-monly,success,52.38879736408566,1,600,0,1,10:16.06,600,0,512,0,13333,,7999925,13333,<NO LOG>
SpankchainLedgerChannel,mode-monly,success,45.46952224052718,1,600,0,1,10:14.40,600,0,561,0,19360,,11616194,19360,<NO LOG>
SpankchainLedgerChannel,mode-monly,success,47.940691927512354,1,600,0,1,10:16.03,600,0,594,0,17096,,10258107,17096,<NO LOG>
SpankchainLedgerChannel,mode-monly,success,53.047775947281714,1,600,0,1,10:14.79,600,0,517,0,17515,,10509317,17515,<NO LOG>
SpankchainLedgerChannel,mode-monly,success,54.03624382207578,1,600,0,1,10:15.17,600,0,532,0,15009,,9005903,15009,<NO LOG>
SpankchainLedgerChannel,mode-monly,success,45.46952224052718,1,600,0,1,10:14.01,600,0,527,0,17385,,10431375,17385,<NO LOG>
SpankchainLedgerChannel,mode-monly,success,51.89456342668863,1,600,0,1,10:13.63,600,0,502,0,18379,,11027579,18379,<NO LOG>
SpankchainLedgerChannel,mode-monly,success,50.411861614497525,1,600,0,1,10:15.10,600,0,551,0,18052,,10831453,18052,<NO LOG>
SpankchainLedgerChannel,mode-monly,success,56.01317957166392,1,600,0,1,10:16.32,600,0,480,0,16115,,9669081,16115,<NO LOG>
SpankchainLedgerChannel,mode-monly,success,49.91762767710049,1,600,0,1,10:16.79,600,0,614,0,18774,,11264423,18774,<NO LOG>
SpankchainLedgerChannel,mode-monly,success,52.05930807248764,1,600,0,1,10:16.04,600,0,581,0,18249,,10949597,18249,<NO LOG>
SpankchainLedgerChannel,mode-monly,success,43.65733113673805,1,600,0,1,10:13.77,600,0,532,0,18124,,10874498,18124,<NO LOG>
SpankchainLedgerChannel,mode-monly,success,55.683690280065896,1,600,0,1,10:16.24,600,0,532,0,16685,,10011181,16685,<NO LOG>
SpankchainLedgerChannel,mode-monly,success,57.66062602965403,1,600,0,1,10:16.85,600,0,637,0,17849,,10709802,17849,<NO LOG>
SpankchainLedgerChannel,mode-monly,success,52.55354200988467,1,600,0,1,10:15.00,600,0,547,0,15928,,9557015,15928,<NO LOG>
SpankchainLedgerChannel,mode-monly,success,44.3163097199341,1,600,0,1,10:13.90,600,0,467,0,18596,,11157941,18596,<NO LOG>
SpankchainLedgerChannel,mode-monly,success,44.151565074135085,1,600,0,1,10:16.19,600,0,585,0,17413,,10448341,17413,<NO LOG>
crowdsale,mode-2AT,success,87.32394366197184,1,600,0,1,10:08.10,600,0,188,0,24133,,14480287,24133,<NO LOG>
crowdsale,mode-2AT,success,87.32394366197184,1,600,0,1,10:07.19,600,0,163,0,27866,,16719650,27866,<NO LOG>
crowdsale,mode-2AT,success,87.32394366197184,1,600,0,1,10:07.55,600,0,153,0,27203,,16321900,27203,<NO LOG>
crowdsale,mode-2AT,success,87.32394366197184,1,600,0,1,10:07.57,600,0,163,0,24128,,14477335,24128,<NO LOG>
crowdsale,mode-2AT,success,87.32394366197184,1,600,0,1,10:08.24,600,0,173,0,23445,,14067426,23445,<NO LOG>
crowdsale,mode-2AT,success,87.32394366197184,1,600,0,1,10:07.26,600,0,171,0,25504,,15302901,25504,<NO LOG>
crowdsale,mode-2AT,success,87.32394366197184,1,600,0,1,10:08.22,600,0,171,0,24129,,14477674,24129,<NO LOG>
crowdsale,mode-2AT,success,87.32394366197184,1,600,0,1,10:07.12,600,0,177,0,26104,,15662409,26104,<NO LOG>
crowdsale,mode-2AT,success,87.32394366197184,1,600,0,1,10:08.50,600,0,175,0,25810,,15486400,25810,<NO LOG>
crowdsale,mode-2AT,success,87.32394366197184,1,600,0,1,10:07.12,600,0,155,0,27190,,16314184,27190,<NO LOG>
crowdsale,mode-2AT,success,87.32394366197184,1,600,0,1,10:07.23,600,0,173,0,25570,,15342412,25570,<NO LOG>
crowdsale,mode-2AT,success,87.32394366197184,1,600,0,1,10:07.91,600,0,171,0,27608,,16565115,27608,<NO LOG>
crowdsale,mode-2AT,success,87.32394366197184,1,600,0,1,10:08.70,600,0,175,0,26109,,15665639,26109,<NO LOG>
crowdsale,mode-2AT,success,87.32394366197184,1,600,0,1,10:07.09,600,0,171,0,25287,,15172229,25287,<NO LOG>
crowdsale,mode-2AT,success,87.32394366197184,1,600,0,1,10:08.24,600,0,176,0,25474,,15284969,25474,<NO LOG>
crowdsale,mode-2AT,success,87.32394366197184,1,600,0,1,10:07.33,600,0,172,0,27181,,16308846,27181,<NO LOG>
crowdsale,mode-2AT,success,87.32394366197184,1,600,0,1,10:09.39,600,0,168,0,25778,,15466933,25778,<NO LOG>
crowdsale,mode-2AT,success,87.32394366197184,1,600,0,1,10:07.43,600,0,164,0,26164,,15698436,26164,<NO LOG>
crowdsale,mode-2AT,success,87.32394366197184,1,600,0,1,10:06.99,600,0,166,0,26967,,16180331,26967,<NO LOG>
crowdsale,mode-2AT,success,87.32394366197184,1,600,0,1,10:07.11,600,0,153,0,25519,,15311669,25519,<NO LOG>
crowdsale,mode-aonly,success,76.05633802816902,1,600,0,1,10:05.36,600,0,47,0,34247,,20548402,34247,<NO LOG>
crowdsale,mode-aonly,success,76.05633802816902,1,600,0,1,10:05.36,600,0,57,0,26807,,16084667,26807,<NO LOG>
crowdsale,mode-aonly,success,76.05633802816902,1,600,0,1,10:05.21,600,0,56,0,29906,,17944015,29906,<NO LOG>
crowdsale,mode-aonly,success,76.05633802816902,1,600,0,1,10:05.33,600,0,50,0,35651,,21391047,35651,<NO LOG>
crowdsale,mode-aonly,success,76.05633802816902,1,600,0,1,10:05.42,600,0,68,0,30049,,18029506,30049,<NO LOG>
crowdsale,mode-aonly,success,76.05633802816902,1,600,0,1,10:05.20,600,0,55,0,30200,,18120094,30200,<NO LOG>
crowdsale,mode-aonly,success,76.05633802816902,1,600,0,1,10:05.44,600,0,61,0,35858,,21514875,35858,<NO LOG>
crowdsale,mode-aonly,success,76.05633802816902,1,600,0,1,10:05.16,600,0,45,0,29941,,17964933,29941,<NO LOG>
crowdsale,mode-aonly,success,76.05633802816902,1,600,0,1,10:05.14,600,0,40,0,27343,,16406300,27343,<NO LOG>
crowdsale,mode-aonly,success,76.05633802816902,1,600,0,1,10:05.20,600,0,49,0,26815,,16089160,26815,<NO LOG>
crowdsale,mode-aonly,success,76.05633802816902,1,600,0,1,10:05.16,600,0,51,0,26897,,16138575,26897,<NO LOG>
crowdsale,mode-aonly,success,76.05633802816902,1,600,0,1,10:05.19,600,0,48,0,27630,,16578386,27630,<NO LOG>
crowdsale,mode-aonly,success,76.05633802816902,1,600,0,1,10:05.42,600,0,54,0,36382,,21829226,36382,<NO LOG>
crowdsale,mode-aonly,success,76.05633802816902,1,600,0,1,10:05.35,600,0,53,0,27321,,16393154,27321,<NO LOG>
crowdsale,mode-aonly,success,76.05633802816902,1,600,0,1,10:05.16,600,0,46,0,29470,,17682287,29470,<NO LOG>
crowdsale,mode-aonly,success,76.05633802816902,1,600,0,1,10:05.32,600,0,51,0,27831,,16699195,27831,<NO LOG>
crowdsale,mode-aonly,success,76.05633802816902,1,600,0,1,10:05.32,600,0,60,0,30032,,18019755,30032,<NO LOG>
crowdsale,mode-aonly,success,76.05633802816902,1,600,0,1,10:05.16,600,0,38,0,27288,,16373079,27288,<NO LOG>
crowdsale,mode-aonly,success,76.05633802816902,1,600,0,1,10:05.14,600,0,47,0,27345,,16407387,27345,<NO LOG>
crowdsale,mode-aonly,success,76.05633802816902,1,600,0,1,10:05.27,600,0,49,0,26755,,16053328,26755,<NO LOG>
crowdsale,mode-interp,success,78.87323943661973,1,600,0,1,10:14.45,600,0,187,0,14496,,8697654,14496,<NO LOG>
crowdsale,mode-interp,success,80.28169014084507,1,600,0,1,10:27.53,600,0,201,0,11863,,7117908,11863,<NO LOG>
crowdsale,mode-interp,success,78.87323943661973,1,600,0,1,10:24.48,600,0,185,0,11825,,7095376,11825,<NO LOG>
crowdsale,mode-interp,success,80.28169014084507,1,600,0,1,10:19.15,600,0,207,0,14055,,8433192,14055,<NO LOG>
crowdsale,mode-interp,success,78.87323943661973,1,600,0,1,10:20.64,600,0,194,0,11662,,6997356,11662,<NO LOG>
crowdsale,mode-interp,success,78.87323943661973,1,600,0,1,10:13.54,600,0,176,0,13754,,8252705,13754,<NO LOG>
crowdsale,mode-interp,success,78.87323943661973,1,600,0,1,10:11.83,600,0,179,0,14185,,8511112,14185,<NO LOG>
crowdsale,mode-interp,success,78.87323943661973,1,600,0,1,10:15.49,600,0,180,0,13753,,8252057,13753,<NO LOG>
crowdsale,mode-interp,success,78.87323943661973,1,600,0,1,10:42.90,600,0,196,0,12480,,7488371,12480,<NO LOG>
crowdsale,mode-interp,success,80.28169014084507,1,600,0,1,10:23.11,600,0,201,0,13310,,7986478,13310,<NO LOG>
crowdsale,mode-interp,success,80.28169014084507,1,600,0,1,10:18.72,600,0,192,0,13104,,7862976,13104,<NO LOG>
crowdsale,mode-interp,success,78.87323943661973,1,600,0,1,10:15.72,600,0,196,0,14314,,8588797,14314,<NO LOG>
crowdsale,mode-interp,success,78.87323943661973,1,600,0,1,10:18.94,600,0,194,0,12637,,7582549,12637,<NO LOG>
crowdsale,mode-interp,success,80.28169014084507,1,600,0,1,10:15.30,600,0,189,0,14314,,8588526,14314,<NO LOG>
crowdsale,mode-interp,success,80.28169014084507,1,600,0,1,10:15.52,600,0,184,0,13770,,8262034,13770,<NO LOG>
crowdsale,mode-interp,success,80.28169014084507,1,600,0,1,10:16.87,600,0,192,0,11546,,6928063,11546,<NO LOG>
crowdsale,mode-interp,success,80.28169014084507,1,600,0,1,10:14.33,600,0,181,0,13380,,8028373,13380,<NO LOG>
crowdsale,mode-interp,success,80.28169014084507,1,600,0,1,10:15.34,600,0,178,0,13386,,8031990,13386,<NO LOG>
crowdsale,mode-interp,success,78.87323943661973,1,600,0,1,10:23.47,600,0,195,0,9802,,5881468,9802,<NO LOG>
crowdsale,mode-interp,success,78.87323943661973,1,600,0,1,10:14.20,600,0,182,0,13222,,7933267,13222,<NO LOG>
crowdsale,mode-monly,success,80.28169014084507,1,600,0,1,10:09.59,600,0,165,0,20973,,12584080,20973,<NO LOG>
crowdsale,mode-monly,success,83.09859154929578,1,600,0,1,10:07.96,600,0,144,0,18393,,11036385,18393,<NO LOG>
crowdsale,mode-monly,success,84.50704225352113,1,600,0,1,10:09.37,600,0,156,0,21911,,13147131,21911,<NO LOG>
crowdsale,mode-monly,success,76.05633802816902,1,600,0,1,10:07.81,600,0,144,0,22399,,13439415,22399,<NO LOG>
crowdsale,mode-monly,success,74.64788732394366,1,600,0,1,10:08.45,600,0,159,0,21101,,12660991,21101,<NO LOG>
crowdsale,mode-monly,success,80.28169014084507,1,600,0,1,10:08.34,600,0,167,0,19032,,11419581,19032,<NO LOG>
crowdsale,mode-monly,success,80.28169014084507,1,600,0,1,10:10.98,600,0,167,0,20068,,12041173,20068,<NO LOG>
crowdsale,mode-monly,success,84.50704225352113,1,600,0,1,10:09.39,600,0,180,0,15483,,9290132,15483,<NO LOG>
crowdsale,mode-monly,success,84.50704225352113,1,600,0,1,10:08.37,600,0,149,0,23285,,13971258,23285,<NO LOG>
crowdsale,mode-monly,success,83.09859154929578,1,600,0,1,10:08.33,600,0,148,0,18978,,11386910,18978,<NO LOG>
crowdsale,mode-monly,success,84.50704225352113,1,600,0,1,10:09.58,600,0,149,0,17773,,10664182,17773,<NO LOG>
crowdsale,mode-monly,success,83.09859154929578,1,600,0,1,10:09.18,600,0,172,0,19189,,11513572,19189,<NO LOG>
crowdsale,mode-monly,success,76.05633802816902,1,600,0,1,10:09.69,600,0,155,0,17201,,10320683,17201,<NO LOG>
crowdsale,mode-monly,success,74.64788732394366,1,600,0,1,10:08.63,600,0,150,0,19037,,11422711,19037,<NO LOG>
crowdsale,mode-monly,success,83.09859154929578,1,600,0,1,10:08.50,600,0,157,0,20260,,12156233,20260,<NO LOG>
crowdsale,mode-monly,success,77.46478873239437,1,600,0,1,10:08.11,600,0,139,0,20740,,12444020,20740,<NO LOG>
crowdsale,mode-monly,success,76.05633802816902,1,600,0,1,10:06.60,600,0,133,0,24780,,14868304,24780,<NO LOG>
crowdsale,mode-monly,success,81.69014084507043,1,600,0,1,10:09.35,600,0,152,0,19553,,11731812,19553,<NO LOG>
crowdsale,mode-monly,success,81.69014084507043,1,600,0,1,10:09.01,600,0,165,0,19794,,11876545,19794,<NO LOG>
crowdsale,mode-monly,success,83.09859154929578,1,600,0,1,10:10.21,600,0,161,0,17424,,10454412,17424,<NO LOG>
multi10,mode-2AT,success,51.89189189189189,1,600,0,1,10:05.92,600,0,84,0,25180,,15108302,25180,<NO LOG>
multi10,mode-2AT,success,51.89189189189189,1,600,0,1,10:05.76,600,0,82,0,24832,,14899362,24832,<NO LOG>
multi10,mode-2AT,success,51.89189189189189,1,600,0,1,10:05.87,600,0,77,0,24799,,14879539,24799,<NO LOG>
multi10,mode-2AT,success,49.729729729729726,1,600,0,1,10:05.43,600,0,77,0,28166,,16900117,28166,<NO LOG>
multi10,mode-2AT,success,51.35135135135135,1,600,0,1,10:05.57,600,0,88,0,24082,,14449622,24082,<NO LOG>
multi10,mode-2AT,success,51.89189189189189,1,600,0,1,10:05.56,600,0,93,0,26453,,15872133,26453,<NO LOG>
multi10,mode-2AT,success,51.89189189189189,1,600,0,1,10:05.59,600,0,82,0,24837,,14902392,24837,<NO LOG>
multi10,mode-2AT,success,51.89189189189189,1,600,0,1,10:05.83,600,0,85,0,25660,,15396573,25660,<NO LOG>
multi10,mode-2AT,success,51.35135135135135,1,600,0,1,10:05.73,600,0,88,0,24217,,14530511,24217,<NO LOG>
multi10,mode-2AT,success,51.89189189189189,1,600,0,1,10:05.73,600,0,85,0,24886,,14932021,24886,<NO LOG>
multi10,mode-2AT,success,58.37837837837838,1,600,0,1,10:05.66,600,0,83,0,26340,,15804130,26340,<NO LOG>
multi10,mode-2AT,success,51.89189189189189,1,600,0,1,10:05.82,600,0,83,0,25820,,15492141,25820,<NO LOG>
multi10,mode-2AT,success,51.89189189189189,1,600,0,1,10:05.76,600,0,78,0,27844,,16706546,27844,<NO LOG>
multi10,mode-2AT,success,51.89189189189189,1,600,0,1,10:05.64,600,0,70,0,24952,,14971242,24952,<NO LOG>
multi10,mode-2AT,success,51.89189189189189,1,600,0,1,10:05.99,600,0,77,0,24731,,14838969,24731,<NO LOG>
multi10,mode-2AT,success,52.97297297297297,1,600,0,1,10:05.76,600,0,87,0,27994,,16796573,27994,<NO LOG>
multi10,mode-2AT,success,51.89189189189189,1,600,0,1,10:05.35,600,0,69,0,26554,,15932721,26554,<NO LOG>
multi10,mode-2AT,success,51.35135135135135,1,600,0,1,10:05.49,600,0,62,0,26108,,15665106,26108,<NO LOG>
multi10,mode-2AT,success,51.89189189189189,1,600,0,1,10:05.56,600,0,81,0,25896,,15537645,25896,<NO LOG>
multi10,mode-2AT,success,59.45945945945946,1,600,0,1,10:05.80,600,0,76,0,26999,,16199984,26999,<NO LOG>
multi10,mode-aonly,success,38.91891891891892,1,600,0,1,10:04.95,600,0,32,0,36495,,21897023,36495,<NO LOG>
multi10,mode-aonly,success,45.945945945945944,1,600,0,1,10:04.92,600,0,35,0,59166,,35499945,59166,<NO LOG>
multi10,mode-aonly,success,42.16216216216216,1,600,0,1,10:04.92,600,0,43,0,64376,,38626019,64376,<NO LOG>
multi10,mode-aonly,success,38.91891891891892,1,600,0,1,10:04.74,600,0,40,0,27300,,16380497,27300,<NO LOG>
multi10,mode-aonly,success,45.945945945945944,1,600,0,1,10:05.09,600,0,47,0,61518,,36911102,61518,<NO LOG>
multi10,mode-aonly,success,38.91891891891892,1,600,0,1,10:04.77,600,0,43,0,65804,,39482780,65804,<NO LOG>
multi10,mode-aonly,success,38.91891891891892,1,600,0,1,10:04.77,600,0,40,0,26457,,15874455,26457,<NO LOG>
multi10,mode-aonly,success,38.91891891891892,1,600,0,1,10:05.04,600,0,36,0,26378,,15827041,26378,<NO LOG>
multi10,mode-aonly,success,45.945945945945944,1,600,0,1,10:05.04,600,0,41,0,62137,,37282406,62137,<NO LOG>
multi10,mode-aonly,success,38.91891891891892,1,600,0,1,10:05.00,600,0,36,0,26222,,15733472,26222,<NO LOG>
multi10,mode-aonly,success,45.945945945945944,1,600,0,1,10:05.40,600,0,39,0,32913,,19747861,32913,<NO LOG>
multi10,mode-aonly,success,38.91891891891892,1,600,0,1,10:04.83,600,0,44,0,65597,,39358358,65597,<NO LOG>
multi10,mode-aonly,success,42.16216216216216,1,600,0,1,10:05.22,600,0,33,0,32800,,19680302,32800,<NO LOG>
multi10,mode-aonly,success,38.91891891891892,1,600,0,1,10:04.70,600,0,30,0,27178,,16307173,27178,<NO LOG>
multi10,mode-aonly,success,38.91891891891892,1,600,0,1,10:04.75,600,0,40,0,66436,,39862054,66436,<NO LOG>
multi10,mode-aonly,success,38.91891891891892,1,600,0,1,10:04.62,600,0,31,0,65371,,39223013,65371,<NO LOG>
multi10,mode-aonly,success,42.16216216216216,1,600,0,1,10:05.27,600,0,47,0,34719,,20831679,34719,<NO LOG>
multi10,mode-aonly,success,38.91891891891892,1,600,0,1,10:04.75,600,0,33,0,26339,,15803825,26339,<NO LOG>
multi10,mode-aonly,success,38.91891891891892,1,600,0,1,10:04.81,600,0,28,0,26346,,15807715,26346,<NO LOG>
multi10,mode-aonly,success,38.91891891891892,1,600,0,1,10:04.89,600,0,39,0,27524,,16514973,27524,<NO LOG>
multi10,mode-interp,success,42.16216216216216,1,600,0,1,10:07.08,600,0,114,0,14135,,8481254,14135,<NO LOG>
multi10,mode-interp,success,42.7027027027027,1,600,0,1,10:10.93,600,0,135,0,12788,,7672826,12788,<NO LOG>
multi10,mode-interp,success,48.108108108108105,1,600,0,1,10:09.86,600,0,136,0,12362,,7417229,12362,<NO LOG>
multi10,mode-interp,success,43.78378378378378,1,600,0,1,10:07.83,600,0,118,0,12650,,7590349,12650,<NO LOG>
multi10,mode-interp,success,44.32432432432432,1,600,0,1,10:13.00,600,0,132,0,11778,,7067198,11778,<NO LOG>
multi10,mode-interp,success,42.16216216216216,1,600,0,1,10:07.75,600,0,132,0,14141,,8485098,14141,<NO LOG>
multi10,mode-interp,success,45.4054054054054,1,600,0,1,10:07.47,600,0,128,0,12458,,7475299,12458,<NO LOG>
multi10,mode-interp,success,44.32432432432432,1,600,0,1,10:05.97,600,0,97,0,13304,,7982771,13304,<NO LOG>
multi10,mode-interp,success,42.16216216216216,1,600,0,1,10:07.53,600,0,126,0,12970,,7782364,12970,<NO LOG>
multi10,mode-interp,success,42.16216216216216,1,600,0,1,10:11.29,600,0,154,0,12581,,7548664,12581,<NO LOG>
multi10,mode-interp,success,44.32432432432432,1,600,0,1,10:07.75,600,0,115,0,13126,,7876197,13126,<NO LOG>
multi10,mode-interp,success,42.7027027027027,1,600,0,1,10:08.58,600,0,133,0,11852,,7111596,11852,<NO LOG>
multi10,mode-interp,success,44.86486486486486,1,600,0,1,10:07.91,600,0,129,0,13146,,7888086,13146,<NO LOG>
multi10,mode-interp,success,44.32432432432432,1,600,0,1,10:07.13,600,0,115,0,13323,,7994363,13323,<NO LOG>
multi10,mode-interp,success,44.86486486486486,1,600,0,1,10:08.80,600,0,127,0,12028,,7217112,12028,<NO LOG>
multi10,mode-interp,success,42.7027027027027,1,600,0,1,10:09.39,600,0,139,0,12990,,7794532,12990,<NO LOG>
multi10,mode-interp,success,42.7027027027027,1,600,0,1,10:06.53,600,0,111,0,13370,,8022016,13370,<NO LOG>
multi10,mode-interp,success,43.24324324324324,1,600,0,1,10:08.68,600,0,120,0,12159,,7295457,12159,<NO LOG>
multi10,mode-interp,success,42.7027027027027,1,600,0,1,10:08.42,600,0,132,0,12590,,7554342,12590,<NO LOG>
multi10,mode-interp,success,44.86486486486486,1,600,0,1,10:07.05,600,0,115,0,12539,,7523783,12539,<NO LOG>
multi10,mode-monly,success,65.94594594594594,1,600,0,1,10:08.38,600,0,150,0,19159,,11495896,19159,<NO LOG>
multi10,mode-monly,success,65.94594594594594,1,600,0,1,10:08.01,600,0,157,0,20014,,12008876,20014,<NO LOG>
multi10,mode-monly,success,87.56756756756756,1,600,0,1,10:08.39,600,0,157,0,21130,,12678473,21130,<NO LOG>
multi10,mode-monly,success,87.56756756756756,1,600,0,1,10:08.39,600,0,178,0,21735,,13041161,21735,<NO LOG>
multi10,mode-monly,success,74.5945945945946,1,600,0,1,10:08.33,600,0,187,0,19197,,11518310,19197,<NO LOG>
multi10,mode-monly,success,48.648648648648646,1,600,0,1,10:06.87,600,0,105,0,21167,,12700524,21167,<NO LOG>
multi10,mode-monly,success,83.78378378378378,1,600,0,1,10:08.83,600,0,180,0,18145,,10887098,18145,<NO LOG>
multi10,mode-monly,success,65.94594594594594,1,600,0,1,10:07.99,600,0,166,0,22004,,13202681,22004,<NO LOG>
multi10,mode-monly,success,83.78378378378378,1,600,0,1,10:09.38,600,0,168,0,19465,,11679041,19465,<NO LOG>
multi10,mode-monly,success,87.56756756756756,1,600,0,1,10:08.69,600,0,198,0,18782,,11269254,18782,<NO LOG>
multi10,mode-monly,success,87.56756756756756,1,600,0,1,10:08.08,600,0,166,0,20030,,12018129,20030,<NO LOG>
multi10,mode-monly,success,87.56756756756756,1,600,0,1,10:08.16,600,0,156,0,22600,,13560367,22600,<NO LOG>
multi10,mode-monly,success,66.48648648648648,1,600,0,1,10:09.42,600,0,165,0,23290,,13974055,23290,<NO LOG>
multi10,mode-monly,success,48.648648648648646,1,600,0,1,10:08.04,600,0,110,0,24628,,14776972,24628,<NO LOG>
multi10,mode-monly,success,87.56756756756756,1,600,0,1,10:08.15,600,0,186,0,21459,,12875759,21459,<NO LOG>
multi10,mode-monly,success,87.56756756756756,1,600,0,1,10:08.93,600,0,165,0,22432,,13459693,22432,<NO LOG>
multi10,mode-monly,success,83.78378378378378,1,600,0,1,10:09.00,600,0,169,0,18799,,11279657,18799,<NO LOG>
multi10,mode-monly,success,60.0,1,600,0,1,10:08.47,600,0,155,0,20203,,12121950,20203,<NO LOG>
multi10,mode-monly,success,87.56756756756756,1,600,0,1,10:10.04,600,0,216,0,18932,,11359475,18932,<NO LOG>
multi10,mode-monly,success,66.48648648648648,1,600,0,1,10:08.45,600,0,150,0,19655,,11793502,19655,<NO LOG>
